ein,year,trusteeName,trusteeTitle
860974183,2014,JOHN S WHIPPLE,PRESIDENT
860974183,2014,CRAIG L KAUFFMAN,PRESIDENT ELECT
860974183,2014,BRUCE W EAVENSON,CORPORATE SECRETARY
860974183,2014,PAUL D BABAZ,CORPORATE TREASURER
860974183,2014,MIKE J BOREL,VICE PRESIDENT
860974183,2014,W LAIRD HAMBERLIN,VICE PRESIDENT
860974183,2014,LARRY HIGGINS,VICE PRESIDENT
860974183,2014,SHERRY D MADDOX,VICE PRESIDENT
860974183,2014,ALAN W MAKI,VICE PRESIDENT
860974183,2014,JOHN MCLAURIN,VICE PRESIDENT
860974183,2014,SANDRA SADLER,VICE PRESIDENT
860974183,2014,STEVE SKOLD,VICE PRESIDENT
860974183,2014,GARY H TENNISON,VICE PRESIDENT
860974183,2014,JAY E LINK,ALTERNATE VICE PRESIDENT
860974183,2014,LARRY ADAIR,CHAPTER PRESIDENT
860974183,2014,KEITH ALMEIDA,CHAPTER PRESIDENT
860974183,2014,BOYD E ANDERSON,CHAPTER PRESIDENT
860974183,2014,DAVID G ANDERSON,CHAPTER PRESIDENT
860974183,2014,RON ARENDT,CHAPTER PRESIDENT
860974183,2014,JERRY AWE,CHAPTER PRESIDENT
860974183,2014,BRETT AXTON,CHAPTER PRESIDENT
860974183,2014,JARROLD BACHMANN,CHAPTER PRESIDENT
860974183,2014,JOHN G BACON,CHAPTER PRESIDENT
860974183,2014,SCOTT A BAGI,CHAPTER PRESIDENT
860974183,2014,DAVID J BARBISAN,CHAPTER PRESIDENT
860974183,2014,JOHN A BARTO,CHAPTER PRESIDENT
860974183,2014,MATTHEW C BELL,CHAPTER PRESIDENT
860974183,2014,STEVEN K BENDER,CHAPTER PRESIDENT
860974183,2014,ROGER E BENNETT,CHAPTER PRESIDENT
860974183,2014,HUBERT E BEREMAN,CHAPTER PRESIDENT
860974183,2014,DAN BERNARD,CHAPTER PRESIDENT
860974183,2014,VAN C BETHANCOURT,CHAPTER PRESIDENT
860974183,2014,SUSAN L BIEBER,CHAPTER PRESIDENT
860974183,2014,JAMES STONY BING,CHAPTER PRESIDENT
860974183,2014,ANNIE BIRCHELL,CHAPTER PRESIDENT
860974183,2014,MATT BLUNTZER,CHAPTER PRESIDENT
860974183,2014,TIM BOATMAN,CHAPTER PRESIDENT
860974183,2014,BRIAN BODE,CHAPTER PRESIDENT
860974183,2014,DAVID BODKER,CHAPTER PRESIDENT
860974183,2014,BOBBY BOIDO,CHAPTER PRESIDENT
860974183,2014,THOMAS D BORS,CHAPTER PRESIDENT
860974183,2014,MALVIN W BRANDOW,CHAPTER PRESIDENT
860974183,2014,MAXIME BRAS,CHAPTER PRESIDENT
860974183,2014,THOMAS D BRENNAN,CHAPTER PRESIDENT
860974183,2014,THOMAS BROOKS,CHAPTER PRESIDENT
860974183,2014,DOUGLAS W BROWN,CHAPTER PRESIDENT
860974183,2014,KENNETH A BROWN,CHAPTER PRESIDENT
860974183,2014,DALE E BUDZON,CHAPTER PRESIDENT
860974183,2014,PHILIP BUKER,CHAPTER PRESIDENT
860974183,2014,LODOVICO CALDESI,CHAPTER PRESIDENT
860974183,2014,JUDI CARON,CHAPTER PRESIDENT
860974183,2014,JOHN CARROLL,CHAPTER PRESIDENT
860974183,2014,JOSE MARIA CASTRESANA HUGAS,CHAPTER PRESIDENT
860974183,2014,BRIAN R CEBULL,CHAPTER PRESIDENT
860974183,2014,GARRETT A CHACE,CHAPTER PRESIDENT
860974183,2014,MARK CHANCLER,CHAPTER PRESIDENT
860974183,2014,JASON CHILDS,CHAPTER PRESIDENT
860974183,2014,ANN ELIZABETH CHITTUM,CHAPTER PRESIDENT
860974183,2014,DIANN B CHITWOOD,CHAPTER PRESIDENT
860974183,2014,RALPH G CHRISTIANSEN,CHAPTER PRESIDENT
860974183,2014,SCOTT D CLARKE,CHAPTER PRESIDENT
860974183,2014,WALT CLEMMENS,CHAPTER PRESIDENT
860974183,2014,MICHAEL S CLIFFORD,CHAPTER PRESIDENT
860974183,2014,WALTER COLEMAN,CHAPTER PRESIDENT
860974183,2014,ROBERT J CORREA,CHAPTER PRESIDENT
860974183,2014,FERNANDO JOSE COSTA JORDAO,CHAPTER PRESIDENT
860974183,2014,JOEL WILLIAM CRANNELL,CHAPTER PRESIDENT
860974183,2014,ROBERT J CRUPI,CHAPTER PRESIDENT
860974183,2014,PATTY CURNUTTE,CHAPTER PRESIDENT
860974183,2014,JOHNNY A DABBAGHIAN,CHAPTER PRESIDENT
860974183,2014,TYLER D DANIELS,CHAPTER PRESIDENT
860974183,2014,BARBARA DEGRAW,CHAPTER PRESIDENT
860974183,2014,RICHARD DELISLE,CHAPTER PRESIDENT
860974183,2014,VALERIY DEMA,CHAPTER PRESIDENT
860974183,2014,FRANK DI BLASIO,CHAPTER PRESIDENT
860974183,2014,ALFREDO M DIAZ HEER,CHAPTER PRESIDENT
860974183,2014,LEN DICKINSON,CHAPTER PRESIDENT
860974183,2014,NORMAN DONG,CHAPTER PRESIDENT
860974183,2014,ROBERT W DUHADAWAY,CHAPTER PRESIDENT
860974183,2014,DENNIS ELLIOTT,CHAPTER PRESIDENT
860974183,2014,CHARLES F ELZER,CHAPTER PRESIDENT
860974183,2014,HARRIS CHIP EMMONS,CHAPTER PRESIDENT
860974183,2014,DALLAS EMMETT ENGLISH,CHAPTER PRESIDENT
860974183,2014,ANDERS N ENGSTROM,CHAPTER PRESIDENT
860974183,2014,MIGUEL ESTADE,CHAPTER PRESIDENT
860974183,2014,TIM R FALLON,CHAPTER PRESIDENT
860974183,2014,JOHN FIDLER,CHAPTER PRESIDENT
860974183,2014,MICHAEL A FILEPAS,CHAPTER PRESIDENT
860974183,2014,PATRICK FOLEY,CHAPTER PRESIDENT
860974183,2014,TOM FOWLER,CHAPTER PRESIDENT
860974183,2014,DEWEY E FRANCE,CHAPTER PRESIDENT
860974183,2014,R DAVID FRASH,CHAPTER PRESIDENT
860974183,2014,JIM FREEMAN,CHAPTER PRESIDENT
860974183,2014,JEFFREY A FUZE,CHAPTER PRESIDENT
860974183,2014,TIMOTHY E GAFFORD,CHAPTER PRESIDENT
860974183,2014,VLADIMIR GALIC,CHAPTER PRESIDENT
860974183,2014,JUAN ANTONIO GALMEZ,CHAPTER PRESIDENT
860974183,2014,EDWIN R GARRETT,CHAPTER PRESIDENT
860974183,2014,RICHARD L GATES,CHAPTER PRESIDENT
860974183,2014,BRUCE GAULTNEY,CHAPTER PRESIDENT
860974183,2014,GARY A GEARHART,CHAPTER PRESIDENT
860974183,2014,MICHAEL GEORGE,CHAPTER PRESIDENT
860974183,2014,DON J GIOTTONINI,CHAPTER PRESIDENT
860974183,2014,BOB GOMES,CHAPTER PRESIDENT
860974183,2014,LARRY GOODWIN,CHAPTER PRESIDENT
860974183,2014,CONNIE GRAHAM,CHAPTER PRESIDENT
860974183,2014,WAYNE GRAHAM,CHAPTER PRESIDENT
860974183,2014,ENRIQUE GRANDE,CHAPTER PRESIDENT
860974183,2014,TONY HAFLA,CHAPTER PRESIDENT
860974183,2014,COREY HALVORSON,CHAPTER PRESIDENT
860974183,2014,JIM HAMMILL,CHAPTER PRESIDENT
860974183,2014,JOYCE HANLEY,CHAPTER PRESIDENT
860974183,2014,JOSH HARRIS,CHAPTER PRESIDENT
860974183,2014,KEN HARRISON,CHAPTER PRESIDENT
860974183,2014,REED HASLAM,CHAPTER PRESIDENT
860974183,2014,NOBUMASA HAYASHI,CHAPTER PRESIDENT
860974183,2014,HERBERT HAZEN,CHAPTER PRESIDENT
860974183,2014,JAMES S HENDERSON,CHAPTER PRESIDENT
860974183,2014,PATRICK T HENNON,CHAPTER PRESIDENT
860974183,2014,JOHN HENRY,CHAPTER PRESIDENT
860974183,2014,ALAN HETH,CHAPTER PRESIDENT
860974183,2014,MARIAN HINEBAUCH,CHAPTER PRESIDENT
860974183,2014,BERNHARD HLUSZIK,CHAPTER PRESIDENT
860974183,2014,RAY HOLLINGSWORTH,CHAPTER PRESIDENT
860974183,2014,D WILLIAM HOOK,CHAPTER PRESIDENT
860974183,2014,PETER FAI HUNT,CHAPTER PRESIDENT
860974183,2014,KARL HUNTSMAN,CHAPTER PRESIDENT
860974183,2014,SCOTT HUTCHINSON,CHAPTER PRESIDENT
860974183,2014,EDWARD JAGELS,CHAPTER PRESIDENT
860974183,2014,SHELDON K JAMES,CHAPTER PRESIDENT
860974183,2014,BEAU JOHNSTON,CHAPTER PRESIDENT
860974183,2014,JOHN-MARK FRANK JURAK,CHAPTER PRESIDENT
860974183,2014,MICHAEL C KATLIN,CHAPTER PRESIDENT
860974183,2014,MICHAEL R KEIM,CHAPTER PRESIDENT
860974183,2014,DANIEL E KENNEY,CHAPTER PRESIDENT
860974183,2014,NOEL KIRCH,CHAPTER PRESIDENT
860974183,2014,MICHAEL KLAUS,CHAPTER PRESIDENT
860974183,2014,JOSEPH KOBACK,CHAPTER PRESIDENT
860974183,2014,KAREN L KORN,CHAPTER PRESIDENT
860974183,2014,CORY RICHARD KOSTUCHOWSKI,CHAPTER PRESIDENT
860974183,2014,THOMAS L KRAFKA,CHAPTER PRESIDENT
860974183,2014,ALLEN KREY,CHAPTER PRESIDENT
860974183,2014,SVETISLAV KRSTIC,CHAPTER PRESIDENT
860974183,2014,LUDMIL LALOV,CHAPTER PRESIDENT
860974183,2014,TODD LAMBERTSON,CHAPTER PRESIDENT
860974183,2014,BYRON P LANGE,CHAPTER PRESIDENT
860974183,2014,WANG LEI,CHAPTER PRESIDENT
860974183,2014,BRAD LENCIONI,CHAPTER PRESIDENT
860974183,2014,RICHARD P LEWALLEN,CHAPTER PRESIDENT
860974183,2014,JAMES W LIGHTSEY,CHAPTER PRESIDENT
860974183,2014,JOSE MARIA LOSA REVERTE,CHAPTER PRESIDENT
860974183,2014,ZAC LYTLE,CHAPTER PRESIDENT
860974183,2014,DONALD MACGREGOR,CHAPTER PRESIDENT
860974183,2014,STEVE MACK,CHAPTER PRESIDENT
860974183,2014,RUSSELL MACLENNAN,CHAPTER PRESIDENT
860974183,2014,MICHAEL MADDOX,CHAPTER PRESIDENT
860974183,2014,COBY MAHAN,CHAPTER PRESIDENT
860974183,2014,GEORGENE MALLOY,CHAPTER PRESIDENT
860974183,2014,MARK MANN,CHAPTER PRESIDENT
860974183,2014,ROYCE PANCHO MAPLES,CHAPTER PRESIDENT
860974183,2014,LEOPOLDO MARES DELGADO,CHAPTER PRESIDENT
860974183,2014,TOM MASTERS,CHAPTER PRESIDENT
860974183,2014,HARRY MATTOX,CHAPTER PRESIDENT
860974183,2014,LAWRENCE H MCCLOUD,CHAPTER PRESIDENT
860974183,2014,JACK MCCORMICK,CHAPTER PRESIDENT
860974183,2014,TIM D MCKINNON,CHAPTER PRESIDENT
860974183,2014,LISA MCNAMEE,CHAPTER PRESIDENT
860974183,2014,JOSEPH KENNETH MERRITT,CHAPTER PRESIDENT
860974183,2014,ROSS MICKEY,CHAPTER PRESIDENT
860974183,2014,PEDRO MICO,CHAPTER PRESIDENT
860974183,2014,W STEPHEN MINORE,CHAPTER PRESIDENT
860974183,2014,DARREL W MITCHELL,CHAPTER PRESIDENT
860974183,2014,TOD MOLESWORTH,CHAPTER PRESIDENT
860974183,2014,DENNIS MOORE,CHAPTER PRESIDENT
860974183,2014,JIMMY MORELAND,CHAPTER PRESIDENT
860974183,2014,MICHAEL MORTON,CHAPTER PRESIDENT
860974183,2014,DANIEL H MULHOLLAND,CHAPTER PRESIDENT
860974183,2014,JON B MUNGER,CHAPTER PRESIDENT
860974183,2014,LEON J MUNYAN,CHAPTER PRESIDENT
860974183,2014,ARCHIE J NESBITT,CHAPTER PRESIDENT
860974183,2014,CALVIN J ORT,CHAPTER PRESIDENT
860974183,2014,SHANNON OSTERTAG,CHAPTER PRESIDENT
860974183,2014,EMILIO PARIS,CHAPTER PRESIDENT
860974183,2014,JAN G PATRICIO,CHAPTER PRESIDENT
860974183,2014,BRIAN C PAYNE,CHAPTER PRESIDENT
860974183,2014,RAFAEL PEREZ-FRAGERO REY,CHAPTER PRESIDENT
860974183,2014,MIKE PJEVACH,CHAPTER PRESIDENT
860974183,2014,EDUARDO POMA,CHAPTER PRESIDENT
860974183,2014,MALCOLM SCOTT POWELL,CHAPTER PRESIDENT
860974183,2014,THOMAS S POWELL,CHAPTER PRESIDENT
860974183,2014,RICK PRATHER,CHAPTER PRESIDENT
860974183,2014,SHAWN T PRINGLE,CHAPTER PRESIDENT
860974183,2014,MARK S PROUDFOOT,CHAPTER PRESIDENT
860974183,2014,WILLIAM PULLEN,CHAPTER PRESIDENT
860974183,2014,MARIO RICCI,CHAPTER PRESIDENT
860974183,2014,TAZ RIDLEY,CHAPTER PRESIDENT
860974183,2014,DALE RIMKUS,CHAPTER PRESIDENT
860974183,2014,LUIS A RIVERA SIACA,CHAPTER PRESIDENT
860974183,2014,KENT ROBINSON,CHAPTER PRESIDENT
860974183,2014,MIKE ROGERS JR,CHAPTER PRESIDENT
860974183,2014,GRAHAM ROGNEY,CHAPTER PRESIDENT
860974183,2014,JEAN ROHAULT DE FLEURY,CHAPTER PRESIDENT
860974183,2014,KREG ROTH,CHAPTER PRESIDENT
860974183,2014,ED RUDE,CHAPTER PRESIDENT
860974183,2014,BIANCA RUDOLPH,CHAPTER PRESIDENT
860974183,2014,SALVADOR RUIZ MORALES,CHAPTER PRESIDENT
860974183,2014,JOAO RUSSO CORCEIRO,CHAPTER PRESIDENT
860974183,2014,BRIAN F RUSSO,CHAPTER PRESIDENT
860974183,2014,CALVIN J RYAN,CHAPTER PRESIDENT
860974183,2014,JOE SAGE,CHAPTER PRESIDENT
860974183,2014,MANUEL C SALAZAR,CHAPTER PRESIDENT
860974183,2014,WILLIAM J SCHEG,CHAPTER PRESIDENT
860974183,2014,STEFAN SCHLUTER,CHAPTER PRESIDENT
860974183,2014,DAVID SEFTON,CHAPTER PRESIDENT
860974183,2014,HAL SIGNETT,CHAPTER PRESIDENT
860974183,2014,GYULA SIMKO,CHAPTER PRESIDENT
860974183,2014,ROBIN M R SMITH,CHAPTER PRESIDENT
860974183,2014,FERNANDO SOLER,CHAPTER PRESIDENT
860974183,2014,NELS SPEVAK,CHAPTER PRESIDENT
860974183,2014,ROXANE ST MICHAEL,CHAPTER PRESIDENT
860974183,2014,LARRY R STEINER,CHAPTER PRESIDENT
860974183,2014,DAVID D STOKES,CHAPTER PRESIDENT
860974183,2014,DAVE STURTZ,CHAPTER PRESIDENT
860974183,2014,SCOTT SWASEY,CHAPTER PRESIDENT
860974183,2014,TOM THOMAS,CHAPTER PRESIDENT
860974183,2014,RAFAEL R TORRES,CHAPTER PRESIDENT
860974183,2014,DANIEL TRAWICKI,CHAPTER PRESIDENT
860974183,2014,T J TSAKALOS,CHAPTER PRESIDENT
860974183,2014,KEVIN GEORGE UNGER,CHAPTER PRESIDENT
860974183,2014,MILOSLAV VACH,CHAPTER PRESIDENT
860974183,2014,CLINT D VAN TREASE,CHAPTER PRESIDENT
860974183,2014,BRIAN VANARD,CHAPTER PRESIDENT
860974183,2014,BRIAN L VANDERHOOF,CHAPTER PRESIDENT
860974183,2014,RAYMOND VANNORMAN,CHAPTER PRESIDENT
860974183,2014,MARK VEJAR,CHAPTER PRESIDENT
860974183,2014,JESUS VIEJO GONZALEZ,CHAPTER PRESIDENT
860974183,2014,DANIEL DENI VOINOVSKI,CHAPTER PRESIDENT
860974183,2014,VICTOR J VOUGA,CHAPTER PRESIDENT
860974183,2014,DAMIR VRHOVNIK,CHAPTER PRESIDENT
860974183,2014,FRED WAITE,CHAPTER PRESIDENT
860974183,2014,KEITH WATSON,CHAPTER PRESIDENT
860974183,2014,LEW WEBB,CHAPTER PRESIDENT
860974183,2014,KEN WEBER,CHAPTER PRESIDENT
860974183,2014,MARK T WEHINGER,CHAPTER PRESIDENT
860974183,2014,RICHARD WELCH,CHAPTER PRESIDENT
860974183,2014,MYOSOOK H WHITCOMB,CHAPTER PRESIDENT
860974183,2014,NICHOLAS R WHITE,CHAPTER PRESIDENT
860974183,2014,ELIZABETH WILLIAMS,CHAPTER PRESIDENT
860974183,2014,GRANT P WILSON,CHAPTER PRESIDENT
860974183,2014,GEORGE MORGAN WOMBLE,CHAPTER PRESIDENT
860974183,2014,SCOTT WONDERGEM,CHAPTER PRESIDENT
860974183,2014,RICHARD L WOODWARD,CHAPTER PRESIDENT
860974183,2014,DOYLE WORBINGTON,CHAPTER PRESIDENT
860974183,2014,STEVEN PAUL YOUNG,CHAPTER PRESIDENT
860974183,2014,MARK ZUCCO,CHAPTER PRESIDENT
860974183,2014,PEDRO EDUARDO ZUCCOLILLO,CHAPTER PRESIDENT
860974183,2014,ROBERT M ANDERSON,DIRECTOR-AT-LARGE
860974183,2014,RON BARTELS,DIRECTOR-AT-LARGE
860974183,2014,CHARLES CHUCK BAZZY,DIRECTOR-AT-LARGE
860974183,2014,J VIRGINIA BYRUM,DIRECTOR-AT-LARGE
860974183,2014,JOHN CEGLAREK,DIRECTOR-AT-LARGE
860974183,2014,SCOTT CHAPMAN,DIRECTOR-AT-LARGE
860974183,2014,JOHN C CHITWOOD,DIRECTOR-AT-LARGE
860974183,2014,EDWARD G CURTIS,DIRECTOR-AT-LARGE
860974183,2014,MICHAEL J DREWNOWSKI,DIRECTOR-AT-LARGE
860974183,2014,KIRT FREDERICKS,DIRECTOR-AT-LARGE
860974183,2014,STEVE M GREENWELL,DIRECTOR-AT-LARGE
860974183,2014,LARRY J JOHNS,DIRECTOR-AT-LARGE
860974183,2014,ROBERT S KEAGY,DIRECTOR-AT-LARGE
860974183,2014,RONALD N LANFORD,DIRECTOR-AT-LARGE
860974183,2014,MICHAEL J LEONARD,DIRECTOR-AT-LARGE
860974183,2014,TOM MATTUSCH,DIRECTOR-AT-LARGE
860974183,2014,LEE D MURRAY,DIRECTOR-AT-LARGE
860974183,2014,BILL S SWAN,DIRECTOR-AT-LARGE
860974183,2014,PETER C THERON,DIRECTOR-AT-LARGE
860974183,2014,ELAINE VOGELER,DIRECTOR-AT-LARGE
860974183,2014,PAUL WHITELOCK,DIRECTOR-AT-LARGE
860974183,2014,ABIGAIL DAY,INTERNATIONAL DIRECTOR
860974183,2014,UBERTO D'ENTREVES,INTERNATIONAL DIRECTOR
860974183,2014,ZSOLT KOHALMI,INTERNATIONAL DIRECTOR
860974183,2014,MARCO ANTONIO MOURA DE CASTRO,INTERNATIONAL DIRECTOR
860974183,2014,HORACIO REPETTO BOERR,INTERNATIONAL DIRECTOR
860974183,2014,HERB ATKINSON,REGIONAL REPRESENTATIVE
860974183,2014,DEBORAH J BARRETT,REGIONAL REPRESENTATIVE
860974183,2014,DUANE BERNARD,REGIONAL REPRESENTATIVE
860974183,2014,DALE H BRUDER,REGIONAL REPRESENTATIVE
860974183,2014,RANDALL BUSH,REGIONAL REPRESENTATIVE
860974183,2014,CAL CAMPBELL,REGIONAL REPRESENTATIVE
860974183,2014,GORDON CASHIN,REGIONAL REPRESENTATIVE
860974183,2014,JOHN CELESTRE,REGIONAL REPRESENTATIVE
860974183,2014,WAYNE EDWARD CLARK,REGIONAL REPRESENTATIVE
860974183,2014,GEORGE W COBB,REGIONAL REPRESENTATIVE
860974183,2014,DAVID W COMPTON,REGIONAL REPRESENTATIVE
860974183,2014,MIKE CRAWFORD,REGIONAL REPRESENTATIVE
860974183,2014,BARBARA E CREELMAN,REGIONAL REPRESENTATIVE
860974183,2014,DONALD DETWILER,REGIONAL REPRESENTATIVE
860974183,2014,E J DEUBLER,REGIONAL REPRESENTATIVE
860974183,2014,RICHARD L GOTSHALL,REGIONAL REPRESENTATIVE
860974183,2014,EDWARD K GRASSER,REGIONAL REPRESENTATIVE
860974183,2014,MIKE HAGEN,REGIONAL REPRESENTATIVE
860974183,2014,RAY HAMMOND,REGIONAL REPRESENTATIVE
860974183,2014,DON C HARTER,REGIONAL REPRESENTATIVE
860974183,2014,JERRY B HOLLINGSWORTH,REGIONAL REPRESENTATIVE
860974183,2014,ORVILLE G HUDSPETH,REGIONAL REPRESENTATIVE
860974183,2014,DWIGHT JAMES,REGIONAL REPRESENTATIVE
860974183,2014,MARK D JOHNSON,REGIONAL REPRESENTATIVE
860974183,2014,MARK C JONES,REGIONAL REPRESENTATIVE
860974183,2014,WARD E JONES,REGIONAL REPRESENTATIVE
860974183,2014,ROBERT J KEICHER,REGIONAL REPRESENTATIVE
860974183,2014,JEFF KEIM,REGIONAL REPRESENTATIVE
860974183,2014,JAMES R LEONARD,REGIONAL REPRESENTATIVE
860974183,2014,BEN MAGALDINO,REGIONAL REPRESENTATIVE
860974183,2014,JEFFREY L MEYERL,REGIONAL REPRESENTATIVE
860974183,2014,NATALIE E NESBITT,REGIONAL REPRESENTATIVE
860974183,2014,JAMES NOTEMAN,REGIONAL REPRESENTATIVE
860974183,2014,MIKE OHLMANN,REGIONAL REPRESENTATIVE
860974183,2014,DWIGHT A ORTMANN,REGIONAL REPRESENTATIVE
860974183,2014,MARK DONALD ROBINSON,REGIONAL REPRESENTATIVE
860974183,2014,GREG J RUSTEMEYER,REGIONAL REPRESENTATIVE
860974183,2014,J THOMAS SALDIAS,REGIONAL REPRESENTATIVE
860974183,2014,DAVID B SMALL,REGIONAL REPRESENTATIVE
860974183,2014,OLUF SVENDSEN,REGIONAL REPRESENTATIVE
860974183,2014,SCOTT TALBOT,REGIONAL REPRESENTATIVE
860974183,2014,HUBERT THUMMLER,REGIONAL REPRESENTATIVE
860974183,2014,NORBERT ULLMANN,REGIONAL REPRESENTATIVE
860974183,2014,JON WEMPLE,REGIONAL REPRESENTATIVE
860974183,2014,KEVIN K ANDERSON,SCI PAST PRESIDENT
860974183,2014,PATRICK BOLLMAN,SCI PAST PRESIDENT
860974183,2014,RAYMOND CAPPELLI,SCI PAST PRESIDENT
860974183,2014,ALBERT CHERAMIE,SCI PAST PRESIDENT
860974183,2014,ALFRED SKIP DONAU,SCI PAST PRESIDENT
860974183,2014,ROBERT EASTERBROOK,SCI PAST PRESIDENT
860974183,2014,VERN EDEWAARD,SCI PAST PRESIDENT
860974183,2014,HYLAND B ERICKSON,SCI PAST PRESIDENT
860974183,2014,JOHN J JACKSON,SCI PAST PRESIDENT
860974183,2014,DON J KIRN,SCI PAST PRESIDENT
860974183,2014,LANCE H NORRIS,SCI PAST PRESIDENT
860974183,2014,ANDY M OLDFIELD,SCI PAST PRESIDENT
860974183,2014,E WAYNE POCIUS,SCI PAST PRESIDENT
860974183,2014,MERLE A SHEPARD,SCI PAST PRESIDENT
860974183,2014,RICHARD E URSEM,SCI PAST PRESIDENT
860974183,2014,NORDEN VAN HORNE,SCI PAST PRESIDENT
860974183,2014,R DOUGLAS YAJKO,SCI PAST PRESIDENT
860974183,2014,DENNIS ANDERSON,SCI/SCIF PAST PRESIDENT
860974183,2014,GEORGE BANKS,SCI/SCIF PAST PRESIDENT
860974183,2014,GARY F BOGNER,SCI/SCIF PAST PRESIDENT
860974183,2014,RALPH S CUNNINGHAM,SCI/SCIF PAST PRESIDENT
860974183,2014,LAWRENCE S KATZ,SCI/SCIF PAST PRESIDENT
860974183,2014,JOHN R MONSON,SCI/SCIF PAST PRESIDENT
860974183,2014,MIKE ROGERS SR,SCI/SCIF PAST PRESIDENT
860974183,2014,MIKE SIMPSON,SCI/SCIF PAST PRESIDENT
860974183,2014,JACK E BEAL,SCICF PAST PRESIDENT
860974183,2014,PETER L HORN,SCICF PAST PRESIDENT
860974183,2014,JACK LEEDS,SCICF PAST PRESIDENT
860974183,2014,DON MORGAN,SCICF PAST PRESIDENT
860974183,2014,PHILIP P RIPEPI,SCICF PAST PRESIDENT
860974183,2014,PHILIP L DELONE,CHIEF EXECUTIVE OFFICER
860974183,2014,DON MILLS,CHIEF FINANCIAL OFFICER
860974183,2014,WILLIAM MORITZ,EXECUTIVE DIRECTOR
860974183,2014,KEVIN SCOTT,CHIEF OPERATING OFFICER
860974183,2014,MELISSA SIMPSON,DIRECTOR OF HUNTING ADVOCACY AND CONSERVATION
860974183,2014,ANGELIA SAGI,ADVERTISING SALES DIRECTOR
860974183,2014,ANNA SEIDMAN,DIRECTOR OF LITIGATION
860974183,2014,STEPHEN COMUS,DIRECTOR OF PUBLICATIONS
860974183,2014,NELSON FREEMAN,DEPUTY DIRECTOR OF GOV AFFAIRS
860974183,2014,ELIZABETH GRIMES,DIRECTOR OF CONVENTION 
860974183,2014,WILLIAM MCGRATH,LEGISLATIVE COUNSEL
860974183,2014,DON MILLS,CHIEF FINANCIAL OFFICER
860974183,2014,MELISSA SIMPSON,DIRECTOR OF HUNTING ADVOCACY AND CON
860974183,2014,ANGELIA SAGI,ADVERTISING SALES DIRECTOR
860974183,2014,ANNA SEIDMAN,DIRECTOR OF LITIGATION
